distro,name
humble,usb_cam
humble,dataspeed_can_usb
humble,rt_usb_9axisimu_driver
humble,lusb
iron,usb_cam
humble,as2_usb_camera_interface
rolling,usb_cam
noetic,is_camera
noetic,dataspeed_can_usb
noetic,lusb
noetic,libuvc_camera
noetic,kobuki_ftdi
noetic,cob_generic_can
noetic,usb_cam
noetic,sainsmart_relay_usb
noetic,usb_cam_controllers
noetic,usb_cam_hardware
noetic,rt_usb_9axisimu_driver
noetic,usb_cam_hardware_interface
noetic,camera_aravis
noetic,xv_11_laser_driver
eloquent,kobuki_ftdi
galactic,usb_cam
dashing,rt_usb_9axisimu_driver
foxy,usb_cam
foxy,dataspeed_can_usb
galactic,as2_usb_camera_interface
foxy,rt_usb_9axisimu_driver
foxy,lusb
foxy,kobuki_ftdi
lunar,usb_cam
lunar,flir_boson_usb
lunar,libuvc_camera
lunar,uvc_camera
jade,libuvc_camera
lunar,xv_11_laser_driver
jade,uvc_camera
jade,usb_cam
indigo,flir_boson_usb
jade,schunk_ezn64
indigo,kobuki_ftdi
indigo,cob_generic_can
indigo,roch_ftdi
indigo,xv_11_laser_driver
indigo,myahrs_driver
indigo,thingmagic_usbpro
indigo,usb_cam
indigo,libuvc_camera
indigo,ximea_camera
indigo,schunk_ezn64
indigo,uvc_camera
hydro,libuvc
hydro,kobuki_ftdi
hydro,xv_11_laser_driver
hydro,cob_generic_can
hydro,usb_cam
kinetic,dataspeed_can_usb
hydro,libuvc_camera
hydro,v4r_uvc
hydro,v4r_opencv_cam
kinetic,uvc_camera
hydro,uvc_camera
kinetic,cob_generic_can
kinetic,flir_boson_usb
kinetic,lusb
kinetic,libuvc_camera
kinetic,kobuki_ftdi
kinetic,usb_cam
kinetic,sainsmart_relay_usb
kinetic,usb_cam_controllers
kinetic,usb_cam_hardware
kinetic,rt_usb_9axisimu_driver
kinetic,usb_cam_hardware_interface
kinetic,roch_ftdi
kinetic,xv_11_laser_driver
kinetic,myahrs_driver
melodic,dataspeed_can_usb
melodic,is_camera
kinetic,tuw_uvc
melodic,uvc_camera
melodic,cob_generic_can
kinetic,thingmagic_usbpro
melodic,flir_boson_usb
melodic,lusb
melodic,libuvc_camera
melodic,kobuki_ftdi
melodic,usb_cam
melodic,sainsmart_relay_usb
melodic,usb_cam_controllers
melodic,usb_cam_hardware
melodic,rt_usb_9axisimu_driver
melodic,usb_cam_hardware_interface
melodic,tuw_uvc
melodic,xv_11_laser_driver
melodic,myahrs_driver
